{
  "TenThousandHashes": {
    "geth": {
      "mean_ms": 16.526277766873438,
      "median_ms": 16.496424993965775,
      "stddev_ms": 0.2714547849387054,
      "min_ms": 16.270983300637454,
      "max_ms": 16.81142500601709,
      "times_ms": [
        16.81142500601709,
        16.496424993965775,
        16.270983300637454
      ]
    },
    "revm": {
      "mean_ms": 4.914187504133831,
      "median_ms": 4.91377500584349,
      "stddev_ms": 0.06841968407516358,
      "min_ms": 4.845975001808256,
      "max_ms": 4.982812504749745,
      "times_ms": [
        4.982812504749745,
        4.91377500584349,
        4.845975001808256
      ]
    },
    "guillotine": {
      "mean_ms": 5.6775583303533494,
      "median_ms": 5.650225002318621,
      "stddev_ms": 0.06497374574474601,
      "min_ms": 5.63071669312194,
      "max_ms": 5.751733295619488,
      "times_ms": [
        5.751733295619488,
        5.650225002318621,
        5.63071669312194
      ]
    }
  },
  "ERC20Transfer": {
    "geth": {
      "mean_ms": 22.745968071588624,
      "median_ms": 22.77096250327304,
      "stddev_ms": 0.10452010978637259,
      "min_ms": 22.631216701120138,
      "max_ms": 22.8357250103727,
      "times_ms": [
        22.631216701120138,
        22.77096250327304,
        22.8357250103727
      ]
    },
    "revm": {
      "mean_ms": 41.994645834589996,
      "median_ms": 42.00429170159623,
      "stddev_ms": 0.9254648008488876,
      "min_ms": 41.06439580209553,
      "max_ms": 42.91525000007823,
      "times_ms": [
        42.00429170159623,
        41.06439580209553,
        42.91525000007823
      ]
    },
    "guillotine": {
      "mean_ms": 10.956004130033154,
      "median_ms": 10.974512493703514,
      "stddev_ms": 0.14739080265719995,
      "min_ms": 10.80023329705,
      "max_ms": 11.093266599345952,
      "times_ms": [
        10.974512493703514,
        10.80023329705,
        11.093266599345952
      ]
    }
  },
  "ERC20Mint": {
    "geth": {
      "mean_ms": 19.50607500039041,
      "median_ms": 19.47267500218004,
      "stddev_ms": 0.3312777095883757,
      "min_ms": 19.19276249827817,
      "max_ms": 19.85278750071302,
      "times_ms": [
        19.19276249827817,
        19.47267500218004,
        19.85278750071302
      ]
    },
    "revm": {
      "mean_ms": 39.88790416624397,
      "median_ms": 39.88116249674931,
      "stddev_ms": 0.14211578137595754,
      "min_ms": 39.749279199168086,
      "max_ms": 40.03327080281451,
      "times_ms": [
        39.88116249674931,
        40.03327080281451,
        39.749279199168086
      ]
    },
    "guillotine": {
      "mean_ms": 9.463881968986245,
      "median_ms": 9.488729108124971,
      "stddev_ms": 0.15081796845419962,
      "min_ms": 9.302183403633535,
      "max_ms": 9.600733395200223,
      "times_ms": [
        9.302183403633535,
        9.488729108124971,
        9.600733395200223
      ]
    }
  },
  "ERC20ApprovalTransfer": {
    "geth": {
      "mean_ms": 20.393561098414164,
      "median_ms": 20.229824993293732,
      "stddev_ms": 0.45003185746386654,
      "min_ms": 20.04832080565393,
      "max_ms": 20.902537496294826,
      "times_ms": [
        20.902537496294826,
        20.229824993293732,
        20.04832080565393
      ]
    },
    "revm": {
      "mean_ms": 28.070012503303587,
      "median_ms": 28.082141699269414,
      "stddev_ms": 0.18063278020746307,
      "min_ms": 27.883620804641396,
      "max_ms": 28.244275005999953,
      "times_ms": [
        28.244275005999953,
        28.082141699269414,
        27.883620804641396
      ]
    },
    "guillotine": {
      "mean_ms": 9.964491698580485,
      "median_ms": 9.952729195356369,
      "stddev_ms": 0.03672238715204288,
      "min_ms": 9.935091703664511,
      "max_ms": 10.00565419672057,
      "times_ms": [
        10.00565419672057,
        9.935091703664511,
        9.952729195356369
      ]
    }
  },
  "SnailTracer": {
    "geth": {
      "mean_ms": 93.71082499856129,
      "median_ms": 93.62985829357058,
      "stddev_ms": 0.19065032782702288,
      "min_ms": 93.57402089517564,
      "max_ms": 93.92859580693766,
      "times_ms": [
        93.57402089517564,
        93.92859580693766,
        93.62985829357058
      ]
    },
    "revm": {
      "mean_ms": 35.916120834493384,
      "median_ms": 35.88698749663308,
      "stddev_ms": 0.10297616256987974,
      "min_ms": 35.830850002821535,
      "max_ms": 36.03052500402555,
      "times_ms": [
        35.88698749663308,
        35.830850002821535,
        36.03052500402555
      ]
    },
    "guillotine": {
      "mean_ms": 30.099676398094743,
      "median_ms": 29.978512495290488,
      "stddev_ms": 0.23160093946122987,
      "min_ms": 29.95379170170054,
      "max_ms": 30.366724997293204,
      "times_ms": [
        29.95379170170054,
        29.978512495290488,
        30.366724997293204
      ]
    }
  }
}