{
  "results": [
    {
      "command": "/Users/williamcory/bench/evms/Guillotine/apps/cli/guillotine-bench run --codefile /var/folders/4s/d0wlfs9d00v4349cdqgd13f00000gn/T/tmpre6sos2o.hex --gas 1000000000 --input 30627b7c",
      "mean": 0.03373421066,
      "stddev": null,
      "median": 0.03373421066,
      "user": 0.02875908,
      "system": 0.00410782,
      "min": 0.03373421066,
      "max": 0.03373421066,
      "times": [
        0.03373421066
      ],
      "exit_codes": [
        0
      ]
    }
  ]
}
