{
  "results": [
    {
      "command": "/Users/williamcory/bench/evms/go-ethereum/build/bin/evm run --codefile /var/folders/4s/d0wlfs9d00v4349cdqgd13f00000gn/T/tmpzqke_o6u.hex --gas 30000000 --input 30627b7c",
      "mean": 0.019441014960000003,
      "stddev": 0.0002737474119841136,
      "median": 0.019428210960000004,
      "user": 0.017262259999999998,
      "system": 0.0035187400000000002,
      "min": 0.018923064960000003,
      "max": 0.019788605960000004,
      "times": [
        0.019287314960000003,
        0.019444606960000003,
        0.019565731960000003,
        0.018923064960000003,
        0.019166231960000002,
        0.019734814960000003,
        0.019411814960000003,
        0.019788605960000004,
        0.019367522960000005,
        0.019720439960000002
      ],
      "exit_codes": [
        0,
        0,
        0,
        0,
        0,
        0,
        0,
        0,
        0,
        0
      ]
    }
  ]
}
