{
  "results": [
    {
      "command": "/Users/williamcory/bench/evms/revm/target/release/revme evm --path /var/folders/4s/d0wlfs9d00v4349cdqgd13f00000gn/T/bytecode-2727681151.hex --gas-limit 30000000 --input 30627b7c",
      "mean": 0.02197065154,
      "stddev": 0.00007089708666299448,
      "median": 0.02194185194,
      "user": 0.01295432,
      "system": 0.007796739999999999,
      "min": 0.02193018494,
      "max": 0.02209714294,
      "times": [
        0.02209714294,
        0.02194185194,
        0.02194280994,
        0.02193018494,
        0.02194126794
      ],
      "exit_codes": [
        0,
        0,
        0,
        0,
        0
      ]
    }
  ]
}
