{
  "results": [
    {
      "command": "/Users/williamcory/bench/evms/revm/target/release/revme evm --path /var/folders/4s/d0wlfs9d00v4349cdqgd13f00000gn/T/tmpm37n5kgg.hex --gas-limit 30000000 --input 30627b7c",
      "mean": 0.02369777918,
      "stddev": 0.0006303294405545583,
      "median": 0.02366888308,
      "user": 0.013442779999999998,
      "system": 0.009417080000000001,
      "min": 0.02304715358,
      "max": 0.02518294558,
      "times": [
        0.02307811258,
        0.024170570580000002,
        0.02372994658,
        0.023656653580000003,
        0.02383302958,
        0.02304715358,
        0.02330786258,
        0.02368111258,
        0.02518294558,
        0.02329040458
      ],
      "exit_codes": [
        0,
        0,
        0,
        0,
        0,
        0,
        0,
        0,
        0,
        0
      ]
    }
  ]
}
