{
  "results": [
    {
      "command": "/Users/williamcory/bench/evms/Guillotine/apps/cli/guillotine-bench run --codefile /var/folders/4s/d0wlfs9d00v4349cdqgd13f00000gn/T/tmp2y49swdk.hex --gas 30000000 --input 30627b7c",
      "mean": 0.011553246960000001,
      "stddev": null,
      "median": 0.011553246960000001,
      "user": 0.009030139999999999,
      "system": 0.0021356599999999997,
      "min": 0.011553246960000001,
      "max": 0.011553246960000001,
      "times": [
        0.011553246960000001
      ],
      "exit_codes": [
        0
      ]
    }
  ]
}
