{
  "results": [
    {
      "command": "/Users/williamcory/bench/evms/revm/target/release/revme evm --path /var/folders/4s/d0wlfs9d00v4349cdqgd13f00000gn/T/bytecode-2142392681.hex --gas-limit 30000000 --input 30627b7c",
      "mean": 0.02207268494,
      "stddev": 0.0004206373593052571,
      "median": 0.02197159334,
      "user": 0.013216,
      "system": 0.008034640000000001,
      "min": 0.02159667634,
      "max": 0.02274917734,
      "times": [
        0.02274917734,
        0.02208763434,
        0.02159667634,
        0.02195834334,
        0.02197159334
      ],
      "exit_codes": [
        0,
        0,
        0,
        0,
        0
      ]
    }
  ]
}
