{
  "results": [
    {
      "command": "/Users/williamcory/bench/evms/Guillotine/apps/cli/guillotine-bench run --codefile /var/folders/4s/d0wlfs9d00v4349cdqgd13f00000gn/T/tmp4x7egd5z.hex --gas 30000000 --input 30627b7c",
      "mean": 0.006795890380000001,
      "stddev": null,
      "median": 0.006795890380000001,
      "user": 0.00405306,
      "system": 0.0022819599999999995,
      "min": 0.006795890380000001,
      "max": 0.006795890380000001,
      "times": [
        0.006795890380000001
      ],
      "exit_codes": [
        0
      ]
    }
  ]
}
