{
  "results": [
    {
      "command": "/Users/williamcory/bench/evms/revm/target/release/revme evm --path /var/folders/4s/d0wlfs9d00v4349cdqgd13f00000gn/T/bytecode-23273890.hex --gas-limit 30000000 --input 30627b7c",
      "mean": 0.0043028667599999985,
      "stddev": 0.00006853636311987965,
      "median": 0.004276408559999999,
      "user": 0.00344478,
      "system": 0.0005638599999999999,
      "min": 0.004248907559999999,
      "max": 0.004421033559999999,
      "times": [
        0.004276408559999999,
        0.004248907559999999,
        0.004299825559999999,
        0.004421033559999999,
        0.004268158559999999
      ],
      "exit_codes": [
        0,
        0,
        0,
        0,
        0
      ]
    }
  ]
}
