{
  "results": [
    {
      "command": "/Users/williamcory/bench/evms/revm/target/release/revme evm --path /var/folders/4s/d0wlfs9d00v4349cdqgd13f00000gn/T/bytecode-10580157.hex --gas-limit 30000000 --input 30627b7c",
      "mean": 0.031206034380000004,
      "stddev": 0.00021190819413533727,
      "median": 0.03117322618,
      "user": 0.0168097,
      "system": 0.01309478,
      "min": 0.031021684180000002,
      "max": 0.03152960118,
      "times": [
        0.03152960118,
        0.03102205918,
        0.03128360118,
        0.031021684180000002,
        0.03117322618
      ],
      "exit_codes": [
        0,
        0,
        0,
        0,
        0
      ]
    }
  ]
}
