{
  "results": [
    {
      "command": "/Users/williamcory/bench/evms/Guillotine/apps/cli/guillotine-bench run --codefile /var/folders/4s/d0wlfs9d00v4349cdqgd13f00000gn/T/tmppuiax20e.hex --gas 30000000 --input 30627b7c",
      "mean": 0.012701323180000001,
      "stddev": null,
      "median": 0.012701323180000001,
      "user": 0.009659139999999998,
      "system": 0.00236386,
      "min": 0.012701323180000001,
      "max": 0.012701323180000001,
      "times": [
        0.012701323180000001
      ],
      "exit_codes": [
        0
      ]
    }
  ]
}
