{
  "results": [
    {
      "command": "/Users/williamcory/bench/evms/go-ethereum/build/bin/evm run --codefile /var/folders/4s/d0wlfs9d00v4349cdqgd13f00000gn/T/tmp3oe166to.hex --gas 30000000 --input 30627b7c",
      "mean": 0.016637506620000003,
      "stddev": 0.0003843574386232171,
      "median": 0.01671550662,
      "user": 0.014698813333333333,
      "system": 0.004037066666666666,
      "min": 0.01622013162,
      "max": 0.016976881620000002,
      "times": [
        0.01671550662,
        0.01622013162,
        0.016976881620000002
      ],
      "exit_codes": [
        0,
        0,
        0
      ]
    }
  ]
}
