{
  "results": [
    {
      "command": "/Users/williamcory/bench/evms/go-ethereum/build/bin/evm run --codefile /var/folders/4s/d0wlfs9d00v4349cdqgd13f00000gn/T/tmpfel8h3u9.hex --gas 30000000 --input 30627b7c",
      "mean": 0.01701583756,
      "stddev": 0.0005644225235694339,
      "median": 0.01715126266,
      "user": 0.015333599999999998,
      "system": 0.004151719999999999,
      "min": 0.01594013816,
      "max": 0.017845345159999998,
      "times": [
        0.01715355416,
        0.01594013816,
        0.01714897116,
        0.01650572116,
        0.01718805416,
        0.016633762160000003,
        0.016805679160000003,
        0.01768684616,
        0.017845345159999998,
        0.01725030416
      ],
      "exit_codes": [
        0,
        0,
        0,
        0,
        0,
        0,
        0,
        0,
        0,
        0
      ]
    }
  ]
}
