{
  "results": [
    {
      "command": "/Users/williamcory/bench/evms/go-ethereum/build/bin/evm run --codefile /var/folders/4s/d0wlfs9d00v4349cdqgd13f00000gn/T/tmpezkpu5yq.hex --gas 30000000 --input 30627b7c",
      "mean": 0.0189471431,
      "stddev": 0.0004778871983003705,
      "median": 0.018810576000000002,
      "user": 0.01691074,
      "system": 0.00358652,
      "min": 0.018323389500000002,
      "max": 0.0200428885,
      "times": [
        0.0188110135,
        0.0188101385,
        0.018632097500000003,
        0.018581180500000002,
        0.019278055500000002,
        0.018323389500000002,
        0.0187719725,
        0.0200428885,
        0.019139639500000003,
        0.019081055500000003
      ],
      "exit_codes": [
        0,
        0,
        0,
        0,
        0,
        0,
        0,
        0,
        0,
        0
      ]
    }
  ]
}
