{
  "results": [
    {
      "command": "/Users/williamcory/bench/evms/go-ethereum/build/bin/evm run --codefile /var/folders/4s/d0wlfs9d00v4349cdqgd13f00000gn/T/tmpfx0i1wq5.hex --gas 30000000 --input 30627b7c",
      "mean": 0.02334258662,
      "stddev": 0.0008146733427420464,
      "median": 0.023250232120000002,
      "user": 0.0218562,
      "system": 0.00423194,
      "min": 0.02201148312,
      "max": 0.02504419012,
      "times": [
        0.02201148312,
        0.022871815120000003,
        0.022940566120000002,
        0.023092024120000002,
        0.023504233120000002,
        0.022924191120000003,
        0.023491149120000002,
        0.023408440120000002,
        0.024137774120000004,
        0.02504419012
      ],
      "exit_codes": [
        0,
        0,
        0,
        0,
        0,
        0,
        0,
        0,
        0,
        0
      ]
    }
  ]
}
