{
  "results": [
    {
      "command": "/Users/williamcory/bench/evms/revm/target/release/revme evm --path /var/folders/4s/d0wlfs9d00v4349cdqgd13f00000gn/T/bytecode-152458968.hex --gas-limit 30000000 --input 30627b7c",
      "mean": 0.00415699406,
      "stddev": 0.00009684004896477504,
      "median": 0.00416651006,
      "user": 0.00348024,
      "system": 0.0005984199999999999,
      "min": 0.00402859406,
      "max": 0.00428713606,
      "times": [
        0.00419571906,
        0.0041070110600000004,
        0.00416651006,
        0.00402859406,
        0.00428713606
      ],
      "exit_codes": [
        0,
        0,
        0,
        0,
        0
      ]
    }
  ]
}
