{
  "results": [
    {
      "command": "/Users/williamcory/bench/evms/go-ethereum/build/bin/evm run --codefile /var/folders/4s/d0wlfs9d00v4349cdqgd13f00000gn/T/tmpt0a1t2z4.hex --gas 30000000 --input 30627b7c",
      "mean": 0.018207543359999998,
      "stddev": 0.0004446963686575001,
      "median": 0.01820363086,
      "user": 0.01738768,
      "system": 0.004116359999999999,
      "min": 0.01748363086,
      "max": 0.01919129786,
      "times": [
        0.01804588086,
        0.01821238086,
        0.01919129786,
        0.01819488086,
        0.01834875586,
        0.01780329786,
        0.01827621386,
        0.01748363086,
        0.01844417286,
        0.01807492186
      ],
      "exit_codes": [
        0,
        0,
        0,
        0,
        0,
        0,
        0,
        0,
        0,
        0
      ]
    }
  ]
}
