{
  "results": [
    {
      "command": "/Users/williamcory/bench/evms/revm/target/release/revme evm --path /var/folders/4s/d0wlfs9d00v4349cdqgd13f00000gn/T/tmpmkvapuwh.hex --gas-limit 30000000 --input 30627b7c",
      "mean": 0.03406683658,
      "stddev": 0.0005718196818481324,
      "median": 0.033912636280000005,
      "user": 0.01706144,
      "system": 0.01618004,
      "min": 0.033364345280000006,
      "max": 0.03527072028,
      "times": [
        0.03370147028,
        0.033937803280000005,
        0.034859553280000004,
        0.033887469280000006,
        0.033364345280000006,
        0.03372167828,
        0.03527072028,
        0.03412567828,
        0.03382609428,
        0.033973553280000006
      ],
      "exit_codes": [
        0,
        0,
        0,
        0,
        0,
        0,
        0,
        0,
        0,
        0
      ]
    }
  ]
}
