{
  "results": [
    {
      "command": "/Users/williamcory/bench/evms/go-ethereum/build/bin/evm run --codefile /var/folders/4s/d0wlfs9d00v4349cdqgd13f00000gn/T/tmpwz86_gak.hex --gas 30000000 --input 30627b7c",
      "mean": 0.01909796238,
      "stddev": 0.0005649948717824406,
      "median": 0.01897253368,
      "user": 0.017687679999999997,
      "system": 0.0044293,
      "min": 0.018523824680000002,
      "max": 0.020460032680000004,
      "times": [
        0.01852711668,
        0.01897665868,
        0.018523824680000002,
        0.01877053268,
        0.020460032680000004,
        0.019310366680000003,
        0.01889615868,
        0.019078032680000002,
        0.018968408680000003,
        0.01946849168
      ],
      "exit_codes": [
        0,
        0,
        0,
        0,
        0,
        0,
        0,
        0,
        0,
        0
      ]
    }
  ]
}
