{
  "results": [
    {
      "command": "/Users/williamcory/bench/evms/go-ethereum/build/bin/evm run --codefile /var/folders/4s/d0wlfs9d00v4349cdqgd13f00000gn/T/tmp9gv47f3c.hex --gas 30000000 --input 30627b7c",
      "mean": 0.016944326020000004,
      "stddev": 0.0008833060661181502,
      "median": 0.016681780720000004,
      "user": 0.015236860000000001,
      "system": 0.004497439999999999,
      "min": 0.01583515572,
      "max": 0.01900057172,
      "times": [
        0.01900057172,
        0.017481821720000002,
        0.01583515572,
        0.016391237720000004,
        0.016611405720000003,
        0.016821654720000002,
        0.016752155720000002,
        0.017569738720000002,
        0.016518363720000002,
        0.016461154720000003
      ],
      "exit_codes": [
        0,
        0,
        0,
        0,
        0,
        0,
        0,
        0,
        0,
        0
      ]
    }
  ]
}
