{
  "results": [
    {
      "command": "/Users/williamcory/bench/evms/go-ethereum/build/bin/evm run --codefile /var/folders/4s/d0wlfs9d00v4349cdqgd13f00000gn/T/tmpm6ho_3sg.hex --gas 30000000 --input 30627b7c",
      "mean": 0.01939534242,
      "stddev": 0.0005724617337366462,
      "median": 0.019251779519999998,
      "user": 0.01791848,
      "system": 0.0045096,
      "min": 0.01861517552,
      "max": 0.02056150952,
      "times": [
        0.01918988352,
        0.01861517552,
        0.01993317552,
        0.019313675519999997,
        0.01912842652,
        0.02056150952,
        0.019717550520000002,
        0.018808509520000002,
        0.01958534252,
        0.01910017552
      ],
      "exit_codes": [
        0,
        0,
        0,
        0,
        0,
        0,
        0,
        0,
        0,
        0
      ]
    }
  ]
}
