{
  "results": [
    {
      "command": "/Users/williamcory/bench/evms/go-ethereum/build/bin/evm run --codefile /var/folders/4s/d0wlfs9d00v4349cdqgd13f00000gn/T/tmp_4e0tpn4.hex --gas 30000000 --input 30627b7c",
      "mean": 0.02307985828,
      "stddev": 0.0005454024962708223,
      "median": 0.02289962078,
      "user": 0.02220434,
      "system": 0.004417260000000001,
      "min": 0.022605224280000003,
      "max": 0.02407097528,
      "times": [
        0.023003058280000002,
        0.02261893328,
        0.02311914228,
        0.02265660028,
        0.023957183280000002,
        0.02330393328,
        0.02279618328,
        0.022605224280000003,
        0.02407097528,
        0.022667349280000002
      ],
      "exit_codes": [
        0,
        0,
        0,
        0,
        0,
        0,
        0,
        0,
        0,
        0
      ]
    }
  ]
}
