{
  "results": [
    {
      "command": "/Users/williamcory/bench/evms/revm/target/release/revme evm --path /var/folders/4s/d0wlfs9d00v4349cdqgd13f00000gn/T/bytecode-1669812372.hex --gas-limit 30000000 --input 30627b7c",
      "mean": 0.030772001660000003,
      "stddev": 0.00009737655158609755,
      "median": 0.030743127060000004,
      "user": 0.01651986,
      "system": 0.012838979999999996,
      "min": 0.030656002060000003,
      "max": 0.030899043060000003,
      "times": [
        0.030656002060000003,
        0.030899043060000003,
        0.030841501060000002,
        0.030720335060000003,
        0.030743127060000004
      ],
      "exit_codes": [
        0,
        0,
        0,
        0,
        0
      ]
    }
  ]
}
