{
  "results": [
    {
      "command": "/Users/williamcory/bench/evms/go-ethereum/build/bin/evm run --codefile /var/folders/4s/d0wlfs9d00v4349cdqgd13f00000gn/T/tmp5yjuxl1a.hex --gas 100000000 --input 30627b7c",
      "mean": 0.0086938441,
      "stddev": 0.00033648827517436904,
      "median": 0.0087405985,
      "user": 0.006154200000000001,
      "system": 0.0027315,
      "min": 0.008103410500000002,
      "max": 0.0092069945,
      "times": [
        0.0085299525,
        0.0086723275,
        0.008958243500000001,
        0.008900493499999999,
        0.008912786499999999,
        0.0088088695,
        0.008103410500000002,
        0.0082510355,
        0.0092069945,
        0.008594327499999999
      ],
      "exit_codes": [
        0,
        0,
        0,
        0,
        0,
        0,
        0,
        0,
        0,
        0
      ]
    }
  ]
}
