{
  "results": [
    {
      "command": "/Users/williamcory/bench/evms/revm/target/release/revme evm --path /var/folders/4s/d0wlfs9d00v4349cdqgd13f00000gn/T/bytecode-2747351703.hex --gas-limit 1000000000 --input 30627b7c",
      "mean": 0.0348830851,
      "stddev": 0.0004359662542625295,
      "median": 0.0348275683,
      "user": 0.03149536000000001,
      "system": 0.0020122399999999998,
      "min": 0.0343047773,
      "max": 0.0354240683,
      "times": [
        0.0343047773,
        0.0348275683,
        0.0351802763,
        0.0354240683,
        0.0346787353
      ],
      "exit_codes": [
        0,
        0,
        0,
        0,
        0
      ]
    }
  ]
}
