{
  "results": [
    {
      "command": "/Users/williamcory/bench/evms/guillotine-go-sdk/apps/cli/guillotine-bench run --codefile /var/folders/4s/d0wlfs9d00v4349cdqgd13f00000gn/T/tmp81l4t5r8.hex --gas 30000000 --input 30627b7c",
      "mean": 0.0096205273,
      "stddev": 0.00002474873734152938,
      "median": 0.0096205273,
      "user": 0.007653299999999999,
      "system": 0.0016696799999999998,
      "min": 0.0096030273,
      "max": 0.009638027300000001,
      "times": [
        0.009638027300000001,
        0.0096030273
      ],
      "exit_codes": [
        0,
        0
      ]
    }
  ]
}
