{
  "results": [
    {
      "command": "/Users/williamcory/bench/evms/revm/target/release/revme evm --path /var/folders/4s/d0wlfs9d00v4349cdqgd13f00000gn/T/tmpwp4v739h.hex --gas-limit 30000000 --input 30627b7c",
      "mean": 0.004999800620000001,
      "stddev": 0.00009351984421049629,
      "median": 0.005006629720000001,
      "user": 0.0036617999999999998,
      "system": 0.0008827399999999997,
      "min": 0.00483858822,
      "max": 0.00511629622,
      "times": [
        0.00483858822,
        0.00508850422,
        0.004949046220000001,
        0.00511629622,
        0.00502479722,
        0.0049947132200000004,
        0.004876629220000001,
        0.005018546220000001,
        0.00511013022,
        0.004980755220000001
      ],
      "exit_codes": [
        0,
        0,
        0,
        0,
        0,
        0,
        0,
        0,
        0,
        0
      ]
    }
  ]
}
